producto,stock,caducidad
MEZCLA 4 QUESOS,2,
MEZCLA 5 QUESOS,6,
MEZCLA 5 QUESOS GOURMET,6,
PET 7UP ZERO 500ML,48,
SALSA AMERICAN BURGER 220ML,3,
ACEITE DE OLIVA  AJO (TP),4,
ACEITE OLIVA SPRAY,515,
ALITAS ENVASE GRANDE,2418,
"BOTELLA AGUA 1,5L FONTVELLA",42,
"BOTELLA AGUA 0,5L FONTVELLA",176,
ZZ AZUCAR GLASS 250 GR,0,
ACEITUNAS NEGRAS,15,
PET AQUARADE NARANJA ZERO 1.50,0,
ME ALITAS DE POLLO PREFRITA,6,
LATA AQUARADE LIMON ZERO,130,
PET AQUARADE LIMON ZERO 500ML,49,
LATA AQUARADE NARANJA ZERO,89,
PET AQUARADE NARANJA ZERO 500M,0,
AROS DE CEBOLLA,6,
ATUN,10,
ALITAS DE POLLO NORMAL,7,
AZUCAR 8 GR NESPRESSO,13,
BACON FRANQUI,15,
ME SALSA BBQ HONEY 32X45GR,51,
BARRIL CRUZCAMPO,0,
BORDE QUESO CLASICO 6KG,6,
YY BORDE QUESO PICANTON 6KG,1,
BARRIL HEINEKEN,56,
BACON CRISPY,6,
BERENJENA BRASEADA,7,
BASE FINA MEDIANA 280 MM,51,
BORDE QUESO MEDITERRANEO 6KG,4,
ME SALSA BLOODY ONION,52,
BOLSA COMPLEMENTOS,722,
ME BOLSA PATATAS MENEO,415,
ME BOLSA PAPEL DOMICILIO MENEO,792,
YY BORDE QUESO CHORIZO 6KG,6,
MP - CEBOLLA CORTADA 250 GR,0,
CARNE,13,
CAJA COMBO HAMBURGUESA,128,
CAJA COOKIE 2025,529,
CAFE INTENSO,340,
ME SAZONADOR CAJUN APIO,1,
CAJA COMBO 2025,115,
CAJA SANDWICH 2022,165,
CAJA COMPLEMENTOS 1 SALSA,257,
CEBOLLA CARAMELIZADA MORENO,10,
ME CAJA COMBO HAMBURGUESA MENE,168,
POPS POLLO,2,
ME CRUNCHY CEBOLLA CRISPY TARR,1,
CEBOLLA CONGELADA,2,
CELIACOS ETIQUETA PIZZAS,33,
CAJA FAMILIAR,709,
CHAMPI?ON,48,
TARRINA CHOCOLATE BELGA 460 ML,25,
TARRINA CHOCOLATE BELGA 95 ML,73,
ME CAJA HEXAGONAL MINI,128,
ME CAJA HEXAGONAL MAXI,187,
CHORIZO,7,
ME CHUNKS DE POLLO 6X1KG,6,
CAJA MEDIANA SIN ESQUINAS,627,
CAJA MENU INFANTIL 2020,80,
CAJA PIZZA INFANTIL,318,
CAPSULAS NESPRESSO 50 UDS,49,
YY CERDO NUEVA ORLEANS,1,
TARRINA COOKIES&CREAM 460 ML,5,
TARRINA COOKIE&CREAM 95 ML,51,
ME COPITA MULTICAPA CHOCOLATE,21,
CONCENTRADO DE TOMATE,113,
COOKIE TRIPLE CHOCOLATE,0,
CAJA PEQUE?A,70,
CELIACOS PIZZA BARBACOA,4,
CELIACOS PIZZA CARBONARA,17,
CHEETOS PANDILLA B.GRANDE 75GR,20,
CHEETOS PANDILLA B.PEQ 31GR,8,
ZZ CAJA SWEET PIZZOLINOS,60,
CELIACOS PIZZA YORK BACON,10,
NATA DE LUXTOR,0,
ME CRUNCHY BACON 500GR,1,
ME CRUNCHY SPICY CHICKEN 500GR,1,
ME CRUNCHY MANGO 500GR,1,
CRISTALINO,4,
ME CRUNCHY JALAPE?O 500GR,1,
DANET CHOCO,4,
DORITOS TEX MEX (160GR),10,
DORITOS TEX MEX B.PEQ 44GR,13,
DANONINO BEBEDINO FRESA,5,
TOPPING PARA MOZZARELLA,136,
ME ETIQUETA SALSERA MENEO RAME,610,
ENVASE EUROAHORRO 660 UDS,659,
MP - ENVASE WRAP,27,
FANTASMIKOS,63,
CRUJIENTES (FINGERS) DE QUE,0,
YY GAMBA COCIDA,1,
HAMBURGUESA POLLO REBOZADA 100,6,
HAMBURGUESA SMASH VACUNO,6,
SEMOLA DE ROBLE,0,
JAMON FRANQUI,22,
JAMON IBERICO,2,
SOBRES KETCHUP,561,
KIT KAT MIX,9,
PET KAS LIMON 500ML,16,
LATA KAS LIMON,47,
PET KAS NARANJA 500ML,25,
PET KAS NARANJA 1L,40,
LATA KAS NARANJA,66,
LATA 7UP ZERO,108,
LATA CERVEZA AMSTEL 33CC,58,
LAYS SAL B.GRANDE 160GR,3,
LAYS SAL B.PEQ 44GR,6,
LATA CERVEZA EL AGUILA S FILTR,49,
LATA CERVEZA AMSTEL RADLER,93,
LATA DE CERVEZA BUCKLER SIN AL,47,
LATA DE CERVEZA CRUZCAMPO,38,
LATA CERVEZA CRUZCAMPO 0.0,0,
LATA DE CERVEZA HEINEKEN,38,
LATA DESPERADOS 50 CC,54,
PET LIPTON MANGO MARACUYA 500,20,
ZZ LATA MONSTER ENERGY,32,
ZZ LATA MONSTER MANGO LOCO,29,
ZZ LATA MONSTER ULTRA WHITE,27,
ZZ LATA MONSTER ZERO,24,
LATA RED BULL ICE GUMMY 250 ML,21,
LATA RED BULL 250 ML (ENERGY D,41,
LATA RED BULL WATERMELON 250 M,0,
PET LIPTON ZERO 500ML,40,
LATA LIPTON ZERO,102,
TARRINA MACADAMIA 460 ML,3,
TARRINA MACADAMIA 95 ML,120,
SOBRES MOSTAZA,1134,
ZZ MIGAS,0,
MIKOLAPIZ,52,
MOZZARELLA BITES,2,
MIX FLORES SECAS 50GR,69,
NUGGETS,4,
OREGANO MOLIDO,1,
ME PAPEL ANTIGRASA MENEO,1906,
PAPEL ANTIGRASA,1930,
BACON ASADO TROCEADO 6X500GR,4,
PAPEL ANTIGRASA XL,2390,
PAN BURGER BRIOCHE 30 UDS,18,
PEPPERONI,1,
PATATAS GAJO  (TP),9,
PI?A,35,
ME SALSA PICANTONA 32X45GR,85,
PASTA KATAIFI 500GR,1,
PIMIENTO ASADO,4,
PAN FOCACCIA,27,
PET PEPSI REGULAR 1L,105,
LATA PEPSI REGULAR,186,
PET PEPSI REGULAR 500ML,96,
YY PULLED BEEF,0,
PULLED PORK REFRIGERADO 500GR,11,
PIMIENTO VERDE CONGELADO,6,
PET PEPSI ZERO 1L,61,
LATA PEPSI ZERO,131,
PET PEPSI ZERO 500ML,69,
QUESO CABRA,3,
QUESO CHEDDAR NARANJA PICADO,4,
QUESO CHEDDAR LONCHAS,3,
QUESO FUNDIDO IRL,1565,
QUESO PROVOLONE,0,
ZZ QUESO RALLADO GRATINAR,0,
QUESO SBRINZ,3,
QUESO TRUFADO 1 KG,1,
RING DE CHEDDAR,0,
RUFFLES JAMON B.GRANDE 150GR,2,
RUFFLES JAMON B.PEQ 45GR,3,
ME SALSERA ECOP. 60 ML,211,
SALSA BARBACOA BOLSA,75,
SOBRES ACEITE PICANTE 300,714,
TARRINA SALSA BARBACOA,0,
SEPARADOR CAJA BURGER,286,
ME SALSA CREMOSA CEBOLLINO,55,
STICK COOKIE &CREAM 80 ML,32,
SALSA DE CHOCOLATE BOTELLA,3,
SEMOLA MALTEADA 600 GR,0,
SALCHICHA CLASSIC,3,
YY SALSA CURRY MANGO,1,
STICK MACADAMIA 80 ML,22,
ME SALSA MAYO,36,
SALSA MAYONESA TRUFA 875ML,4,
ME SALSA MEDITERRANEA,48,
ME SALSA MIEL MOSTAZA 32X40GR,55,
SEPARADOR COMBO 2022,298,
SALSA PESTO,5,
SALSA DE PISTACHO BOTELLA,1,
ME SALSA QUESABROSA,48,
SALSA STEAK & GRILL,4,
TARRINA STRAW CHEESECAKE 460ML,20,
ME STRIPS DE POLLO 6X1KG,12,
"ME TARRO 1,25 L HEGAHOGAR",7,
ME TAPA SALSERA ECOP. 60 ML,260,
TARR. STRAWBERRY CHEESECAKE 95,96,
TOMATE CHERRY MITAD,0,
SALSA KEBAB,4150,
TARRINA MIEL Y MOSTAZA,9,
TARRINA DE MORCILLA,3,
TOMATE CONFITADO CUBO,6,
TOPPING DE POLLO EN TIRAS,2,
TARRINA CREMOSA AL AJO,126,
TRIANGULO SIRATCHA,3,
TARRINA TOMATE CONFITADO,72,
YOGIKIDS POUCH FRESA-PLATANO,0,
YOGIKIDS POUCH FRESA,0,
